radius_m,mask_mode,quantity,level_m,inventory_start_m2_s,inventory_end_m2_s,delta_inventory_m2_s,mask_motion_m2_s
1200.0,moving_end,total,39.88822936505957,13856.502750761952,10082.346918847748,-3774.155831914204,-11643.415552994386
1200.0,moving_end,total,121.65909956343168,14100.879357907546,10380.268684152481,-3720.6106737550654,-8099.35384718012
1200.0,moving_end,total,207.51851327172238,14710.77698281119,11435.230620838749,-3275.5463619724414,-4721.643064108243
1200.0,moving_end,total,297.6708976654277,14985.529578458802,12254.61900247691,-2730.910575981892,-665.6008882226432
1200.0,moving_end,total,392.33090127881815,15265.530614299489,13254.067179320446,-2011.463434979043,2580.227496555187
1200.0,moving_end,total,491.72390507287827,15570.822897352458,14385.292593668853,-1185.5303036836049,5047.293303307959
1200.0,moving_end,total,596.0865590566414,15853.886405585667,15599.886185100782,-254.00022048488427,6815.844763694241
1200.0,moving_end,total,705.6673457395926,16188.320567696748,16721.082140796843,532.7615731000951,8386.263263987881
1200.0,moving_end,total,820.7271717566915,16658.402569148824,17662.604500814174,1004.2019316653495,10184.373278130206
1200.0,moving_end,total,941.5399890746453,17321.296545691286,18739.264722329754,1417.9681766384674,12990.014392310899
1200.0,moving_end,total,1068.3934472584967,17982.690259279832,19932.974069124157,1950.2838098443244,17233.643073805473
1200.0,moving_end,total,1201.5895783515407,18444.49874544042,21628.171039429675,3183.6722939892534,23058.84783116854
1200.0,moving_end,total,1341.445515999237,18742.466787194473,23725.328616905488,4982.861829711015,30160.002703222606
1200.0,moving_end,total,1488.294250529318,18589.34796384487,26597.433788129973,8008.085824285103,38482.50722125941
1200.0,moving_end,total,1642.4854217859033,18063.06578078275,29872.23917902918,11809.173398246432,47508.26054251867
1200.0,moving_end,total,1804.3861516053175,16922.1616877924,33784.18327226447,16862.02158447207,56815.60389250025
1200.0,moving_end,total,1974.3819179157026,15211.407771809027,38131.53524056953,22920.127468760504,66329.36371549513
1200.0,moving_end,les_label,39.88822936505957,0.0,-314.4902338466949,-314.4902338466949,282.52502757171555
1200.0,moving_end,les_label,121.65909956343168,0.0,69.70051484836051,69.70051484836051,-39.473809542654145
1200.0,moving_end,les_label,207.51851327172238,0.0,348.48813811545637,348.48813811545637,-600.3772189289937
1200.0,moving_end,les_label,297.6708976654277,0.0,543.2563002908464,543.2563002908464,-1069.3371185907265
1200.0,moving_end,les_label,392.33090127881815,0.0,491.91018549628336,491.91018549628336,-1333.7595688703695
1200.0,moving_end,les_label,491.72390507287827,0.0,552.2857212922161,552.2857212922161,-1233.8826571658565
1200.0,moving_end,les_label,596.0865590566414,0.0,554.570758700577,554.570758700577,-1266.7143685515155
1200.0,moving_end,les_label,705.6673457395926,0.0,639.3459736204206,639.3459736204204,-1204.12014320143
1200.0,moving_end,les_label,820.7271717566915,0.0,592.444985185733,592.444985185733,-864.5740191218063
1200.0,moving_end,les_label,941.5399890746453,0.0,407.0663957640568,407.0663957640568,-129.97220628778427
1200.0,moving_end,les_label,1068.3934472584967,0.0,53.754896911637346,53.754896911637395,311.68646151737636
1200.0,moving_end,les_label,1201.5895783515407,0.0,-111.89360431299525,-111.89360431299525,637.0868300720931
1200.0,moving_end,les_label,1341.445515999237,0.0,-240.7257335777428,-240.7257335777428,101.51135910848348
1200.0,moving_end,les_label,1488.294250529318,0.0,-464.11058479649074,-464.11058479649074,-434.02565464176735
1200.0,moving_end,les_label,1642.4854217859033,0.0,-917.8934598266615,-917.8934598266615,-1345.9032978198493
1200.0,moving_end,les_label,1804.3861516053175,0.0,-1225.1584426900565,-1225.1584426900565,-2172.3277672458953
1200.0,moving_end,les_label,1974.3819179157026,0.0,-1575.6440537101614,-1575.6440537101616,-2650.182570631046
1200.0,moving_symmetric,total,39.88822936505957,13856.502750761952,10082.346918847748,-3774.155831914204,-4455.842855674432
1200.0,moving_symmetric,total,121.65909956343168,14100.879357907546,10380.268684152481,-3720.6106737550654,-913.3763552171371
1200.0,moving_symmetric,total,207.51851327172238,14710.77698281119,11435.230620838749,-3275.5463619724414,2581.838262562397
1200.0,moving_symmetric,total,297.6708976654277,14985.529578458802,12254.61900247691,-2730.910575981892,6335.86308732989
1200.0,moving_symmetric,total,392.33090127881815,15265.530614299489,13254.067179320446,-2011.463434979043,9310.21403435349
1200.0,moving_symmetric,total,491.72390507287827,15570.822897352458,14385.292593668853,-1185.5303036836049,11457.018811746779
1200.0,moving_symmetric,total,596.0865590566414,15853.886405585667,15599.886185100782,-254.00022048488427,12839.225181248228
1200.0,moving_symmetric,total,705.6673457395926,16188.320567696748,16721.082140796843,532.7615731000951,13871.350365709963
1200.0,moving_symmetric,total,820.7271717566915,16658.402569148824,17662.604500814174,1004.2019316653495,15096.840086606244
1200.0,moving_symmetric,total,941.5399890746453,17321.296545691286,18739.264722329754,1417.9681766384674,17239.513364933457
1200.0,moving_symmetric,total,1068.3934472584967,17982.690259279832,19932.974069124157,1950.2838098443244,20838.23792001283
1200.0,moving_symmetric,total,1201.5895783515407,18444.49874544042,21628.171039429675,3183.6722939892534,26129.591312478544
1200.0,moving_symmetric,total,1341.445515999237,18742.466787194473,23725.328616905488,4982.861829711015,33139.90564613131
1200.0,moving_symmetric,total,1488.294250529318,18589.34796384487,26597.433788129973,8008.085824285103,41730.65704557281
1200.0,moving_symmetric,total,1642.4854217859033,18063.06578078275,29872.23917902918,11809.173398246432,51495.95643000923
1200.0,moving_symmetric,total,1804.3861516053175,16922.1616877924,33784.18327226447,16862.02158447207,61795.96014842471
1200.0,moving_symmetric,total,1974.3819179157026,15211.407771809027,38131.53524056953,22920.127468760504,72338.34707192486
1200.0,moving_symmetric,les_label,39.88822936505957,0.0,-314.4902338466949,-314.4902338466949,115.82934987173621
1200.0,moving_symmetric,les_label,121.65909956343168,0.0,69.70051484836051,69.70051484836051,-215.950808956142
1200.0,moving_symmetric,les_label,207.51851327172238,0.0,348.48813811545637,348.48813811545637,-404.8462763002037
1200.0,moving_symmetric,les_label,297.6708976654277,0.0,543.2563002908464,543.2563002908464,-802.0028876180863
1200.0,moving_symmetric,les_label,392.33090127881815,0.0,491.91018549628336,491.91018549628336,-1241.0791779283775
1200.0,moving_symmetric,les_label,491.72390507287827,0.0,552.2857212922161,552.2857212922161,-1378.3107778622993
1200.0,moving_symmetric,les_label,596.0865590566414,0.0,554.570758700577,554.570758700577,-1486.900458764066
1200.0,moving_symmetric,les_label,705.6673457395926,0.0,639.3459736204206,639.3459736204204,-1597.6193654276983
1200.0,moving_symmetric,les_label,820.7271717566915,0.0,592.444985185733,592.444985185733,-1585.3688525813318
1200.0,moving_symmetric,les_label,941.5399890746453,0.0,407.0663957640568,407.0663957640568,-1186.3185308658078
1200.0,moving_symmetric,les_label,1068.3934472584967,0.0,53.754896911637346,53.754896911637395,-727.6646261719582
1200.0,moving_symmetric,les_label,1201.5895783515407,0.0,-111.89360431299525,-111.89360431299525,-50.51541602757749
1200.0,moving_symmetric,les_label,1341.445515999237,0.0,-240.7257335777428,-240.7257335777428,-184.30493600570725
1200.0,moving_symmetric,les_label,1488.294250529318,0.0,-464.11058479649074,-464.11058479649074,-491.7964098435509
1200.0,moving_symmetric,les_label,1642.4854217859033,0.0,-917.8934598266615,-917.8934598266615,-1152.631156285186
1200.0,moving_symmetric,les_label,1804.3861516053175,0.0,-1225.1584426900565,-1225.1584426900565,-1855.06562554538
1200.0,moving_symmetric,les_label,1974.3819179157026,0.0,-1575.6440537101614,-1575.6440537101616,-2374.277006737418
1200.0,fixed_initial,total,39.88822936505957,13856.502750761952,78.3382866454919,-13778.16446411646,0.0
1200.0,fixed_initial,total,121.65909956343168,14100.879357907546,-2511.629579821441,-16612.508937728988,0.0
1200.0,fixed_initial,total,207.51851327172238,14710.77698281119,-4885.052625143729,-19595.829607954918,0.0
1200.0,fixed_initial,total,297.6708976654277,14985.529578458802,-8121.59968354227,-23107.12926200107,0.0
1200.0,fixed_initial,total,392.33090127881815,15265.530614299489,-12543.378855595547,-27808.909469895036,0.0
1200.0,fixed_initial,total,491.72390507287827,15570.822897352458,-17831.99371240989,-33402.81660976235,0.0
1200.0,fixed_initial,total,596.0865590566414,15853.886405585667,-24059.840849909557,-39913.72725549522,0.0
1200.0,fixed_initial,total,705.6673457395926,16188.320567696748,-29532.800478446756,-45721.121046143504,0.0
1200.0,fixed_initial,total,820.7271717566915,16658.402569148824,-33487.608503519004,-50146.01107266783,0.0
1200.0,fixed_initial,total,941.5399890746453,17321.296545691286,-36712.30753200043,-54033.604077691714,0.0
1200.0,fixed_initial,total,1068.3934472584967,17982.690259279832,-39422.104242803965,-57404.7945020838,0.0
1200.0,fixed_initial,total,1201.5895783515407,18444.49874544042,-41379.15083919512,-59823.64958463555,0.0
1200.0,fixed_initial,total,1341.445515999237,18742.466787194473,-42578.67607885164,-61321.14286604611,0.0
1200.0,fixed_initial,total,1488.294250529318,18589.34796384487,-43276.16696518897,-61865.51492903384,0.0
1200.0,fixed_initial,total,1642.4854217859033,18063.06578078275,-42848.266288855804,-60911.332069638556,0.0
1200.0,fixed_initial,total,1804.3861516053175,16922.1616877924,-41503.817244441096,-58425.9789322335,0.0
1200.0,fixed_initial,total,1974.3819179157026,15211.407771809027,-38990.61843342389,-54202.02620523293,0.0
1200.0,fixed_initial,les_label,39.88822936505957,0.0,672.7408802193323,672.7408802193323,0.0
1200.0,fixed_initial,les_label,121.65909956343168,0.0,655.1652173619566,655.1652173619566,0.0
1200.0,fixed_initial,les_label,207.51851327172238,0.0,-85.63977594088206,-85.63977594088209,0.0
1200.0,fixed_initial,les_label,297.6708976654277,0.0,41.71600248476132,41.716002484761276,0.0
1200.0,fixed_initial,les_label,392.33090127881815,0.0,501.00769414426657,501.0076941442665,0.0
1200.0,fixed_initial,les_label,491.72390507287827,0.0,572.39482497922,572.39482497922,0.0
1200.0,fixed_initial,les_label,596.0865590566414,0.0,596.6165120677736,596.6165120677737,0.0
1200.0,fixed_initial,les_label,705.6673457395926,0.0,837.515061351339,837.515061351339,0.0
1200.0,fixed_initial,les_label,820.7271717566915,0.0,1291.564328300751,1291.564328300751,0.0
1200.0,fixed_initial,les_label,941.5399890746453,0.0,1207.08500143596,1207.08500143596,0.0
1200.0,fixed_initial,les_label,1068.3934472584967,0.0,969.3154896562297,969.3154896562297,0.0
1200.0,fixed_initial,les_label,1201.5895783515407,0.0,779.2213532167857,779.2213532167857,0.0
1200.0,fixed_initial,les_label,1341.445515999237,0.0,1005.6622515780489,1005.6622515780489,0.0
1200.0,fixed_initial,les_label,1488.294250529318,0.0,1183.8775629996703,1183.8775629996703,0.0
1200.0,fixed_initial,les_label,1642.4854217859033,0.0,1312.0052071377556,1312.0052071377556,0.0
1200.0,fixed_initial,les_label,1804.3861516053175,0.0,1357.8981918765992,1357.8981918765992,0.0
1200.0,fixed_initial,les_label,1974.3819179157026,0.0,1302.7761209129162,1302.7761209129162,0.0
2400.0,moving_end,total,39.88822936505957,21494.82218531082,14576.762923372384,-6918.059261938435,-6065.2811255528295
2400.0,moving_end,total,121.65909956343168,25330.107863737765,15901.072965235713,-9429.034898502052,3012.3558443303946
2400.0,moving_end,total,207.51851327172238,29904.704382664764,19219.772492837037,-10684.931889827727,12311.061470637773
2400.0,moving_end,total,297.6708976654277,33090.34725636919,22371.446788858968,-10718.900467510222,20695.376368475394
2400.0,moving_end,total,392.33090127881815,35549.2964587967,25940.237346739206,-9609.059112057494,28245.751599612977
2400.0,moving_end,total,491.72390507287827,37528.10354485592,29673.99754892653,-7854.105995929389,35362.44239400296
2400.0,moving_end,total,596.0865590566414,40474.95271514311,32799.32747010662,-7675.625245036492,40506.91960204202
2400.0,moving_end,total,705.6673457395926,42718.16747115707,35779.26987970516,-6938.897591451903,47820.85766355822
2400.0,moving_end,total,820.7271717566915,44693.178354466145,40964.916458787004,-3728.261895679141,62601.239569555684
2400.0,moving_end,total,941.5399890746453,47249.082245577236,47245.88322120857,-3.199024368666869,80760.98082156117
2400.0,moving_end,total,1068.3934472584967,49665.59352992207,54097.66124111374,4432.067711191667,101808.54744891747
2400.0,moving_end,total,1201.5895783515407,51565.622038612644,61499.502242120434,9933.88020350779,122853.31534217091
2400.0,moving_end,total,1341.445515999237,52611.19610117705,69265.33984428388,16654.143743106833,143483.80821189526
2400.0,moving_end,total,1488.294250529318,53331.83448621451,77956.21666130605,24624.382175091545,161816.07873386174
2400.0,moving_end,total,1642.4854217859033,54953.64793611701,87198.46608850372,32244.818152386702,174506.73085521438
2400.0,moving_end,total,1804.3861516053175,58260.05942938949,96727.0067088732,38466.94727948371,179343.358398069
2400.0,moving_end,total,1974.3819179157026,64053.058265499116,106478.96771553878,42425.90945003966,176981.64270878912
2400.0,moving_end,les_label,39.88822936505957,0.0,-563.3120157591882,-563.3120157591883,520.9323977203146
2400.0,moving_end,les_label,121.65909956343168,0.0,1381.0531925491227,1381.0531925491227,-1142.0874225464088
2400.0,moving_end,les_label,207.51851327172238,0.0,2855.3702195870173,2855.3702195870173,-165.06395885683696
2400.0,moving_end,les_label,297.6708976654277,0.0,3002.787043953852,3002.7870439538524,232.6909854691504
2400.0,moving_end,les_label,392.33090127881815,0.0,3040.7673442719065,3040.767344271906,290.61135981064604
2400.0,moving_end,les_label,491.72390507287827,0.0,3379.2642756646514,3379.2642756646514,776.4358104948384
2400.0,moving_end,les_label,596.0865590566414,0.0,3378.565146758218,3378.5651467582184,520.8636637127913
2400.0,moving_end,les_label,705.6673457395926,0.0,2419.504300180582,2419.5043001805816,288.53369798237793
2400.0,moving_end,les_label,820.7271717566915,0.0,667.6993603614609,667.6993603614612,559.4483743219671
2400.0,moving_end,les_label,941.5399890746453,0.0,-29.383782921555582,-29.383782921555564,1760.0771104232583
2400.0,moving_end,les_label,1068.3934472584967,0.0,-491.1205710946464,-491.1205710946465,1485.9098865563776
2400.0,moving_end,les_label,1201.5895783515407,0.0,35.75378414472291,35.75378414472311,-865.5197804142965
2400.0,moving_end,les_label,1341.445515999237,0.0,-205.22590595848658,-205.22590595848646,-4775.657278903482
2400.0,moving_end,les_label,1488.294250529318,0.0,-1634.5015095641998,-1634.5015095641998,-6847.781347981858
2400.0,moving_end,les_label,1642.4854217859033,0.0,-3205.721181137426,-3205.7211811374254,-5163.224743954315
2400.0,moving_end,les_label,1804.3861516053175,0.0,-3225.9913595725525,-3225.9913595725525,-2162.1143911009003
2400.0,moving_end,les_label,1974.3819179157026,0.0,-2662.87002404809,-2662.87002404809,-230.117111511262
2400.0,moving_symmetric,total,39.88822936505957,21494.82218531082,14576.762923372384,-6918.059261938435,-4476.086497346299
2400.0,moving_symmetric,total,121.65909956343168,25330.107863737765,15901.072965235713,-9429.034898502052,5035.476977992552
2400.0,moving_symmetric,total,207.51851327172238,29904.704382664764,19219.772492837037,-10684.931889827727,15563.337065967607
2400.0,moving_symmetric,total,297.6708976654277,33090.34725636919,22371.446788858968,-10718.900467510222,24970.597824012544
2400.0,moving_symmetric,total,392.33090127881815,35549.2964587967,25940.237346739206,-9609.059112057494,34074.92216899552
2400.0,moving_symmetric,total,491.72390507287827,37528.10354485592,29673.99754892653,-7854.105995929389,43075.56383912932
2400.0,moving_symmetric,total,596.0865590566414,40474.95271514311,32799.32747010662,-7675.625245036492,51122.80470668827
2400.0,moving_symmetric,total,705.6673457395926,42718.16747115707,35779.26987970516,-6938.897591451903,61698.82732829017
2400.0,moving_symmetric,total,820.7271717566915,44693.178354466145,40964.916458787004,-3728.261895679141,78611.2063918967
2400.0,moving_symmetric,total,941.5399890746453,47249.082245577236,47245.88322120857,-3.199024368666869,98624.43709365175
2400.0,moving_symmetric,total,1068.3934472584967,49665.59352992207,54097.66124111374,4432.067711191667,120956.01803558932
2400.0,moving_symmetric,total,1201.5895783515407,51565.622038612644,61499.502242120434,9933.88020350779,142803.46251635047
2400.0,moving_symmetric,total,1341.445515999237,52611.19610117705,69265.33984428388,16654.143743106833,162627.02631658426
2400.0,moving_symmetric,total,1488.294250529318,53331.83448621451,77956.21666130605,24624.382175091545,179305.25521073252
2400.0,moving_symmetric,total,1642.4854217859033,54953.64793611701,87198.46608850372,32244.818152386702,189978.9659210878
2400.0,moving_symmetric,total,1804.3861516053175,58260.05942938949,96727.0067088732,38466.94727948371,193496.59763682395
2400.0,moving_symmetric,total,1974.3819179157026,64053.058265499116,106478.96771553878,42425.90945003966,190056.63553419863
2400.0,moving_symmetric,les_label,39.88822936505957,0.0,-563.3120157591882,-563.3120157591883,410.8837119978229
2400.0,moving_symmetric,les_label,121.65909956343168,0.0,1381.0531925491227,1381.0531925491227,-1022.2125245424835
2400.0,moving_symmetric,les_label,207.51851327172238,0.0,2855.3702195870173,2855.3702195870173,18.250475645869756
2400.0,moving_symmetric,les_label,297.6708976654277,0.0,3002.787043953852,3002.7870439538524,63.017590437839544
2400.0,moving_symmetric,les_label,392.33090127881815,0.0,3040.7673442719065,3040.767344271906,407.0809161900322
2400.0,moving_symmetric,les_label,491.72390507287827,0.0,3379.2642756646514,3379.2642756646514,1004.5995900430053
2400.0,moving_symmetric,les_label,596.0865590566414,0.0,3378.565146758218,3378.5651467582184,487.1777138768143
2400.0,moving_symmetric,les_label,705.6673457395926,0.0,2419.504300180582,2419.5043001805816,106.91357967593524
2400.0,moving_symmetric,les_label,820.7271717566915,0.0,667.6993603614609,667.6993603614612,-110.7604258218696
2400.0,moving_symmetric,les_label,941.5399890746453,0.0,-29.383782921555582,-29.383782921555564,991.8066689822576
2400.0,moving_symmetric,les_label,1068.3934472584967,0.0,-491.1205710946464,-491.1205710946465,1393.9605816119258
2400.0,moving_symmetric,les_label,1201.5895783515407,0.0,35.75378414472291,35.75378414472311,-204.80642653840584
2400.0,moving_symmetric,les_label,1341.445515999237,0.0,-205.22590595848658,-205.22590595848646,-3702.1288242506903
2400.0,moving_symmetric,les_label,1488.294250529318,0.0,-1634.5015095641998,-1634.5015095641998,-6302.638440878284
2400.0,moving_symmetric,les_label,1642.4854217859033,0.0,-3205.721181137426,-3205.7211811374254,-6089.265841429484
2400.0,moving_symmetric,les_label,1804.3861516053175,0.0,-3225.9913595725525,-3225.9913595725525,-4091.459280291979
2400.0,moving_symmetric,les_label,1974.3819179157026,0.0,-2662.87002404809,-2662.87002404809,-2090.6220165635978
2400.0,fixed_initial,total,39.88822936505957,21494.82218531082,-37.24342850544001,-21532.065613816256,0.0
2400.0,fixed_initial,total,121.65909956343168,25330.107863737765,-6395.458742903018,-31725.566606640783,0.0
2400.0,fixed_initial,total,207.51851327172238,29904.704382664764,-12919.040645050465,-42823.74502771523,0.0
2400.0,fixed_initial,total,297.6708976654277,33090.34725636919,-20471.343871824178,-53561.69112819337,0.0
2400.0,fixed_initial,total,392.33090127881815,35549.2964587967,-30161.75746246111,-65711.05392125782,0.0
2400.0,fixed_initial,total,491.72390507287827,37528.10354485592,-40514.59083245786,-78042.69437731378,0.0
2400.0,fixed_initial,total,596.0865590566414,40474.95271514311,-50583.838936139524,-91058.79165128263,0.0
2400.0,fixed_initial,total,705.6673457395926,42718.16747115707,-57964.1625496942,-100682.33002085128,0.0
2400.0,fixed_initial,total,820.7271717566915,44693.178354466145,-62684.44063537003,-107377.61898983619,0.0
2400.0,fixed_initial,total,941.5399890746453,47249.082245577236,-66278.80072801544,-113527.88297359267,0.0
2400.0,fixed_initial,total,1068.3934472584967,49665.59352992207,-68099.22133958175,-117764.81486950383,0.0
2400.0,fixed_initial,total,1201.5895783515407,51565.622038612644,-67547.19305707605,-119112.81509568868,0.0
2400.0,fixed_initial,total,1341.445515999237,52611.19610117705,-66715.87353262061,-119327.06963379766,0.0
2400.0,fixed_initial,total,1488.294250529318,53331.83448621451,-64547.82976251413,-117879.66424872863,0.0
2400.0,fixed_initial,total,1642.4854217859033,54953.64793611701,-59584.553458467904,-114538.20139458493,0.0
2400.0,fixed_initial,total,1804.3861516053175,58260.05942938949,-52855.150892888625,-111115.21032227812,0.0
2400.0,fixed_initial,total,1974.3819179157026,64053.058265499116,-44600.23749832219,-108653.2957638213,0.0
2400.0,fixed_initial,les_label,39.88822936505957,0.0,1066.5691101428454,1066.5691101428454,0.0
2400.0,fixed_initial,les_label,121.65909956343168,0.0,-273.359960901124,-273.35996090112417,0.0
2400.0,fixed_initial,les_label,207.51851327172238,0.0,633.4092133989832,633.4092133989832,0.0
2400.0,fixed_initial,les_label,297.6708976654277,0.0,3694.4126202077514,3694.4126202077514,0.0
2400.0,fixed_initial,les_label,392.33090127881815,0.0,4844.373723632772,4844.373723632772,0.0
2400.0,fixed_initial,les_label,491.72390507287827,0.0,4618.706996786746,4618.706996786746,0.0
2400.0,fixed_initial,les_label,596.0865590566414,0.0,4096.2286033284745,4096.2286033284745,0.0
2400.0,fixed_initial,les_label,705.6673457395926,0.0,4136.166339572083,4136.166339572083,0.0
2400.0,fixed_initial,les_label,820.7271717566915,0.0,4361.16864263588,4361.168642635879,0.0
2400.0,fixed_initial,les_label,941.5399890746453,0.0,3650.101134044566,3650.101134044566,0.0
2400.0,fixed_initial,les_label,1068.3934472584967,0.0,2927.931055792599,2927.9310557925996,0.0
2400.0,fixed_initial,les_label,1201.5895783515407,0.0,3591.1072145477056,3591.1072145477056,0.0
2400.0,fixed_initial,les_label,1341.445515999237,0.0,4309.244014790819,4309.244014790819,0.0
2400.0,fixed_initial,les_label,1488.294250529318,0.0,3783.055277186529,3783.055277186529,0.0
2400.0,fixed_initial,les_label,1642.4854217859033,0.0,3027.7322463134806,3027.7322463134806,0.0
2400.0,fixed_initial,les_label,1804.3861516053175,0.0,2509.513900908372,2509.513900908372,0.0
2400.0,fixed_initial,les_label,1974.3819179157026,0.0,1924.8022727376058,1924.8022727376058,0.0
4200.0,moving_end,total,39.88822936505957,24281.875286778253,16732.00098244593,-7549.874304332323,-5502.405033986059
4200.0,moving_end,total,121.65909956343168,34436.65590338813,15159.615530355664,-19277.04037303246,161.73310151057547
4200.0,moving_end,total,207.51851327172238,44489.15101910607,15750.52596731443,-28738.62505179164,5596.12533451668
4200.0,moving_end,total,297.6708976654277,52125.92692007021,14630.948726373697,-37494.978193696516,11564.69029852459
4200.0,moving_end,total,392.33090127881815,58398.53186918591,12260.554028244887,-46137.97784094102,19713.098014316067
4200.0,moving_end,total,491.72390507287827,62932.17279617116,8220.634456744365,-54711.53833942679,25224.355029144597
4200.0,moving_end,total,596.0865590566414,66375.11690999985,307.29855455180785,-66067.81835544805,29153.9649190965
4200.0,moving_end,total,705.6673457395926,70736.93796706105,-5494.181990393518,-76231.11995745458,35750.36864764897
4200.0,moving_end,total,820.7271717566915,70438.73158586278,3193.680498016519,-67245.05108784627,42820.226437715486
4200.0,moving_end,total,941.5399890746453,72561.94893866082,15719.183076260324,-56842.7658624005,39038.39437782224
4200.0,moving_end,total,1068.3934472584967,80854.35623367428,31381.376050966235,-49472.98018270804,27865.120959708795
4200.0,moving_end,total,1201.5895783515407,95069.3440158538,49659.656893019564,-45409.687122834235,8038.971626665667
4200.0,moving_end,total,1341.445515999237,115489.99497613868,70858.15184889555,-44631.84312724313,-18151.319354514744
4200.0,moving_end,total,1488.294250529318,139066.70606963383,93488.89064636356,-45577.815423270265,-46268.53702246832
4200.0,moving_end,total,1642.4854217859033,164526.3682408359,118320.97909116214,-46205.38914967376,-72340.5700415495
4200.0,moving_end,total,1804.3861516053175,190491.704333366,144408.97803059992,-46082.726302766096,-91743.73664088947
4200.0,moving_end,total,1974.3819179157026,214492.34219016158,170925.0362193039,-43567.30597085768,-102078.7662946594
4200.0,moving_end,les_label,39.88822936505957,0.0,-1154.0321954999074,-1154.0321954999074,293.2078902635517
4200.0,moving_end,les_label,121.65909956343168,0.0,3342.1857999298118,3342.185799929812,2755.609222030143
4200.0,moving_end,les_label,207.51851327172238,0.0,6129.262729027389,6129.262729027389,2582.570052375492
4200.0,moving_end,les_label,297.6708976654277,0.0,5075.250625610533,5075.250625610533,-892.6595899815563
4200.0,moving_end,les_label,392.33090127881815,0.0,4967.366346993055,4967.366346993055,-1103.0349562126964
4200.0,moving_end,les_label,491.72390507287827,0.0,6848.7439644558635,6848.7439644558635,-2297.2244607526045
4200.0,moving_end,les_label,596.0865590566414,0.0,5807.544467553073,5807.544467553073,-3773.3511826221597
4200.0,moving_end,les_label,705.6673457395926,0.0,1790.316498115611,1790.3164981156106,-3114.640592321063
4200.0,moving_end,les_label,820.7271717566915,0.0,-850.9912356792719,-850.9912356792719,-2901.2600888314882
4200.0,moving_end,les_label,941.5399890746453,0.0,-1950.418261842509,-1950.4182618425093,-3501.2564857347697
4200.0,moving_end,les_label,1068.3934472584967,0.0,-277.88621567344273,-277.88621567344296,-2871.5384898130196
4200.0,moving_end,les_label,1201.5895783515407,0.0,-435.1078759143004,-435.1078759143004,-1181.3560246750126
4200.0,moving_end,les_label,1341.445515999237,0.0,-1274.2347656879099,-1274.2347656879099,1168.2634530154485
4200.0,moving_end,les_label,1488.294250529318,0.0,-3007.4299006907195,-3007.4299006907195,1461.2090384096614
4200.0,moving_end,les_label,1642.4854217859033,0.0,-3872.769306595916,-3872.7693065959156,1265.4912479719612
4200.0,moving_end,les_label,1804.3861516053175,0.0,-1534.7609712764304,-1534.7609712764304,2709.958747873299
4200.0,moving_end,les_label,1974.3819179157026,0.0,1025.318883813773,1025.318883813773,3751.4885962523795
4200.0,moving_symmetric,total,39.88822936505957,24281.875286778253,16732.00098244593,-7549.874304332323,-5271.702440744227
4200.0,moving_symmetric,total,121.65909956343168,34436.65590338813,15159.615530355664,-19277.04037303246,1875.0975724327482
4200.0,moving_symmetric,total,207.51851327172238,44489.15101910607,15750.52596731443,-28738.62505179164,8608.964565439077
4200.0,moving_symmetric,total,297.6708976654277,52125.92692007021,14630.948726373697,-37494.978193696516,15431.312222459854
4200.0,moving_symmetric,total,392.33090127881815,58398.53186918591,12260.554028244887,-46137.97784094102,24088.631680388127
4200.0,moving_symmetric,total,491.72390507287827,62932.17279617116,8220.634456744365,-54711.53833942679,30273.426855950056
4200.0,moving_symmetric,total,596.0865590566414,66375.11690999985,307.29855455180785,-66067.81835544805,34163.83843257683
4200.0,moving_symmetric,total,705.6673457395926,70736.93796706105,-5494.181990393518,-76231.11995745458,40821.131219968825
4200.0,moving_symmetric,total,820.7271717566915,70438.73158586278,3193.680498016519,-67245.05108784627,49624.85869350541
4200.0,moving_symmetric,total,941.5399890746453,72561.94893866082,15719.183076260324,-56842.7658624005,46914.71657996441
4200.0,moving_symmetric,total,1068.3934472584967,80854.35623367428,31381.376050966235,-49472.98018270804,35534.12674601847
4200.0,moving_symmetric,total,1201.5895783515407,95069.3440158538,49659.656893019564,-45409.687122834235,16620.01295441649
4200.0,moving_symmetric,total,1341.445515999237,115489.99497613868,70858.15184889555,-44631.84312724313,-7848.812620796757
4200.0,moving_symmetric,total,1488.294250529318,139066.70606963383,93488.89064636356,-45577.815423270265,-34088.970937497594
4200.0,moving_symmetric,total,1642.4854217859033,164526.3682408359,118320.97909116214,-46205.38914967376,-58949.90288964985
4200.0,moving_symmetric,total,1804.3861516053175,190491.704333366,144408.97803059992,-46082.726302766096,-77807.5839863415
4200.0,moving_symmetric,total,1974.3819179157026,214492.34219016158,170925.0362193039,-43567.30597085768,-88827.28868272119
4200.0,moving_symmetric,les_label,39.88822936505957,0.0,-1154.0321954999074,-1154.0321954999074,431.2090572801
4200.0,moving_symmetric,les_label,121.65909956343168,0.0,3342.1857999298118,3342.185799929812,3237.8681912898
4200.0,moving_symmetric,les_label,207.51851327172238,0.0,6129.262729027389,6129.262729027389,2875.012433712536
4200.0,moving_symmetric,les_label,297.6708976654277,0.0,5075.250625610533,5075.250625610533,-2060.3379205235005
4200.0,moving_symmetric,les_label,392.33090127881815,0.0,4967.366346993055,4967.366346993055,-2337.3440549526013
4200.0,moving_symmetric,les_label,491.72390507287827,0.0,6848.7439644558635,6848.7439644558635,-2694.2856099175406
4200.0,moving_symmetric,les_label,596.0865590566414,0.0,5807.544467553073,5807.544467553073,-3679.244230629721
4200.0,moving_symmetric,les_label,705.6673457395926,0.0,1790.316498115611,1790.3164981156106,-3294.668122189035
4200.0,moving_symmetric,les_label,820.7271717566915,0.0,-850.9912356792719,-850.9912356792719,-2887.2225603673073
4200.0,moving_symmetric,les_label,941.5399890746453,0.0,-1950.418261842509,-1950.4182618425093,-2948.071215370329
4200.0,moving_symmetric,les_label,1068.3934472584967,0.0,-277.88621567344273,-277.88621567344296,-2689.050086021126
4200.0,moving_symmetric,les_label,1201.5895783515407,0.0,-435.1078759143004,-435.1078759143004,-1789.9303877968118
4200.0,moving_symmetric,les_label,1341.445515999237,0.0,-1274.2347656879099,-1274.2347656879099,364.2927948231551
4200.0,moving_symmetric,les_label,1488.294250529318,0.0,-3007.4299006907195,-3007.4299006907195,1453.3687220194736
4200.0,moving_symmetric,les_label,1642.4854217859033,0.0,-3872.769306595916,-3872.7693065959156,1878.7404647645346
4200.0,moving_symmetric,les_label,1804.3861516053175,0.0,-1534.7609712764304,-1534.7609712764304,3838.7899574029607
4200.0,moving_symmetric,les_label,1974.3819179157026,0.0,1025.318883813773,1025.318883813773,4761.743332822166
4200.0,fixed_initial,total,39.88822936505957,24281.875286778253,19933.140076207357,-4348.735210570896,0.0
4200.0,fixed_initial,total,121.65909956343168,34436.65590338813,6658.603130089038,-27778.05277329909,0.0
4200.0,fixed_initial,total,207.51851327172238,44489.15101910607,-3205.6139941764136,-47694.765013282486,0.0
4200.0,fixed_initial,total,297.6708976654277,52125.92692007021,-15317.37630046268,-67443.3032205329,0.0
4200.0,fixed_initial,total,392.33090127881815,58398.53186918591,-29794.442018307862,-88192.97388749378,0.0
4200.0,fixed_initial,total,491.72390507287827,62932.17279617116,-44559.512035304804,-107491.68483147596,0.0
4200.0,fixed_initial,total,596.0865590566414,66375.11690999985,-60086.606810726014,-126461.72372072586,0.0
4200.0,fixed_initial,total,705.6673457395926,70736.93796706105,-72389.40691202483,-143126.3448790859,0.0
4200.0,fixed_initial,total,820.7271717566915,70438.73158586278,-76281.4952451468,-146720.22683100955,0.0
4200.0,fixed_initial,total,941.5399890746453,72561.94893866082,-73022.55638256905,-145584.50532122987,0.0
4200.0,fixed_initial,total,1068.3934472584967,80854.35623367428,-61662.315767040076,-142516.67200071434,0.0
4200.0,fixed_initial,total,1201.5895783515407,95069.3440158538,-41778.590704834794,-136847.9347206886,0.0
4200.0,fixed_initial,total,1341.445515999237,115489.99497613868,-17370.297560812345,-132860.29253695102,0.0
4200.0,fixed_initial,total,1488.294250529318,139066.70606963383,10098.762414874704,-128967.94365475912,0.0
4200.0,fixed_initial,total,1642.4854217859033,164526.3682408359,41360.19240213876,-123166.17583869715,0.0
4200.0,fixed_initial,total,1804.3861516053175,190491.704333366,71338.44645629937,-119153.25787706664,0.0
4200.0,fixed_initial,total,1974.3819179157026,214492.34219016158,102115.5423106616,-112376.79987949997,0.0
4200.0,fixed_initial,les_label,39.88822936505957,0.0,-10419.242594387362,-10419.242594387362,0.0
4200.0,fixed_initial,les_label,121.65909956343168,0.0,-6242.208645554929,-6242.208645554929,0.0
4200.0,fixed_initial,les_label,207.51851327172238,0.0,6302.379361809901,6302.3793618099,0.0
4200.0,fixed_initial,les_label,297.6708976654277,0.0,14510.715738797258,14510.715738797258,0.0
4200.0,fixed_initial,les_label,392.33090127881815,0.0,18532.367029286677,18532.367029286674,0.0
4200.0,fixed_initial,les_label,491.72390507287827,0.0,17765.017222022918,17765.01722202292,0.0
4200.0,fixed_initial,les_label,596.0865590566414,0.0,13526.188391377666,13526.188391377666,0.0
4200.0,fixed_initial,les_label,705.6673457395926,0.0,7589.920244383987,7589.920244383986,0.0
4200.0,fixed_initial,les_label,820.7271717566915,0.0,6774.798054938147,6774.798054938147,0.0
4200.0,fixed_initial,les_label,941.5399890746453,0.0,5937.102752601026,5937.102752601025,0.0
4200.0,fixed_initial,les_label,1068.3934472584967,0.0,3393.7704840938945,3393.7704840938945,0.0
4200.0,fixed_initial,les_label,1201.5895783515407,0.0,-377.1041899918261,-377.1041899918261,0.0
4200.0,fixed_initial,les_label,1341.445515999237,0.0,-1525.7528414831806,-1525.7528414831806,0.0
4200.0,fixed_initial,les_label,1488.294250529318,0.0,-2294.734459707641,-2294.734459707641,0.0
4200.0,fixed_initial,les_label,1642.4854217859033,0.0,-2843.513478479796,-2843.513478479796,0.0
4200.0,fixed_initial,les_label,1804.3861516053175,0.0,-3553.3130550817987,-3553.3130550817987,0.0
4200.0,fixed_initial,les_label,1974.3819179157026,0.0,-4693.8011957966255,-4693.8011957966255,0.0
6000.0,moving_end,total,39.88822936505957,22409.34350540238,15925.689528607043,-6483.653976795336,-7669.1650284171055
6000.0,moving_end,total,121.65909956343168,28628.781454399872,5140.87337736799,-23487.908077031883,-12266.614618354055
6000.0,moving_end,total,207.51851327172238,35878.251138963955,-2368.6516669787698,-38246.90280594273,-16596.92318952222
6000.0,moving_end,total,297.6708976654277,39106.0947517584,-12512.940575227884,-51619.03532698628,-18665.08076558174
6000.0,moving_end,total,392.33090127881815,37697.472654457044,-25839.73923580754,-63537.21189026459,-18638.36885349572
6000.0,moving_end,total,491.72390507287827,32366.56719041533,-38874.105066398195,-71240.67225681353,-17608.425724694676
6000.0,moving_end,total,596.0865590566414,25044.058963000196,-52724.202972738196,-77768.26193573841,-14001.47314328012
6000.0,moving_end,total,705.6673457395926,24218.05344065943,-61721.60230122397,-85939.65574188341,-10678.85761264927
6000.0,moving_end,total,820.7271717566915,28599.762921121277,-44486.16124867827,-73085.92416979955,927.7577880787408
6000.0,moving_end,total,941.5399890746453,32082.27864132881,-17316.75618051095,-49399.034821839756,2815.424115474143
6000.0,moving_end,total,1068.3934472584967,43527.605267395666,17375.58343539911,-26152.021831996557,-7544.547737319176
6000.0,moving_end,total,1201.5895783515407,68662.5859957841,55225.34264351891,-13437.243352265192,-20238.8448620644
6000.0,moving_end,total,1341.445515999237,102983.21994679896,93780.43345822401,-9202.786488574944,-31294.65767411999
6000.0,moving_end,total,1488.294250529318,140949.84546644427,129274.39509752512,-11675.450368919148,-36971.523596330655
6000.0,moving_end,total,1642.4854217859033,176324.71290075016,160653.50685077443,-15671.206049975735,-35363.206952108754
6000.0,moving_end,total,1804.3861516053175,205431.3771583041,187902.96163994764,-17528.415518356458,-30021.007632086035
6000.0,moving_end,total,1974.3819179157026,230701.27616565733,211964.0277927402,-18737.24837291712,-31236.551772776176
6000.0,moving_end,les_label,39.88822936505957,0.0,-4171.1428923876465,-4171.1428923876465,8517.569630976475
6000.0,moving_end,les_label,121.65909956343168,0.0,2423.3703785149787,2423.370378514979,16982.22196415773
6000.0,moving_end,les_label,207.51851327172238,0.0,14980.537098726207,14980.537098726207,13897.115683901131
6000.0,moving_end,les_label,297.6708976654277,0.0,13468.420792266701,13468.4207922667,5417.992319558209
6000.0,moving_end,les_label,392.33090127881815,0.0,10331.399687102978,10331.39968710298,-1871.4468738503542
6000.0,moving_end,les_label,491.72390507287827,0.0,9291.204774656237,9291.204774656237,-6546.90154149736
6000.0,moving_end,les_label,596.0865590566414,0.0,4208.39427090486,4208.39427090486,-8160.5738496312215
6000.0,moving_end,les_label,705.6673457395926,0.0,-4953.201983033931,-4953.201983033931,-6663.924442927915
6000.0,moving_end,les_label,820.7271717566915,0.0,-7881.0070716856235,-7881.0070716856235,-4403.673518045609
6000.0,moving_end,les_label,941.5399890746453,0.0,-8621.095066336364,-8621.095066336364,-2643.16493575835
6000.0,moving_end,les_label,1068.3934472584967,0.0,-5117.099125585819,-5117.099125585819,-2944.771700175557
6000.0,moving_end,les_label,1201.5895783515407,0.0,-3301.875143237182,-3301.8751432371814,-3069.199002328818
6000.0,moving_end,les_label,1341.445515999237,0.0,-2466.103596514831,-2466.103596514831,-1961.412891697118
6000.0,moving_end,les_label,1488.294250529318,0.0,-2788.4020265378244,-2788.402026537824,140.43139836818062
6000.0,moving_end,les_label,1642.4854217859033,0.0,-3505.777300292865,-3505.777300292865,1436.8667256144845
6000.0,moving_end,les_label,1804.3861516053175,0.0,-2877.537088239445,-2877.537088239445,-213.39855762597648
6000.0,moving_end,les_label,1974.3819179157026,0.0,-1772.8498212488862,-1772.8498212488862,-1955.3086804774478
6000.0,moving_symmetric,total,39.88822936505957,22409.34350540238,15925.689528607043,-6483.653976795336,-8463.80401782907
6000.0,moving_symmetric,total,121.65909956343168,28628.781454399872,5140.87337736799,-23487.908077031883,-13250.345025737068
6000.0,moving_symmetric,total,207.51851327172238,35878.251138963955,-2368.6516669787698,-38246.90280594273,-17146.12188918089
6000.0,moving_symmetric,total,297.6708976654277,39106.0947517584,-12512.940575227884,-51619.03532698628,-19307.063718286798
6000.0,moving_symmetric,total,392.33090127881815,37697.472654457044,-25839.73923580754,-63537.21189026459,-20492.78090741313
6000.0,moving_symmetric,total,491.72390507287827,32366.56719041533,-38874.105066398195,-71240.67225681353,-20106.240612996695
6000.0,moving_symmetric,total,596.0865590566414,25044.058963000196,-52724.202972738196,-77768.26193573841,-16268.309969593094
6000.0,moving_symmetric,total,705.6673457395926,24218.05344065943,-61721.60230122397,-85939.65574188341,-12945.879675812637
6000.0,moving_symmetric,total,820.7271717566915,28599.762921121277,-44486.16124867827,-73085.92416979955,-1933.2378667330056
6000.0,moving_symmetric,total,941.5399890746453,32082.27864132881,-17316.75618051095,-49399.034821839756,944.623448456824
6000.0,moving_symmetric,total,1068.3934472584967,43527.605267395666,17375.58343539911,-26152.021831996557,-7197.448017254185
6000.0,moving_symmetric,total,1201.5895783515407,68662.5859957841,55225.34264351891,-13437.243352265192,-17305.83331874787
6000.0,moving_symmetric,total,1341.445515999237,102983.21994679896,93780.43345822401,-9202.786488574944,-27635.3292408664
6000.0,moving_symmetric,total,1488.294250529318,140949.84546644427,129274.39509752512,-11675.450368919148,-33881.47655522406
6000.0,moving_symmetric,total,1642.4854217859033,176324.71290075016,160653.50685077443,-15671.206049975735,-32887.86411156266
6000.0,moving_symmetric,total,1804.3861516053175,205431.3771583041,187902.96163994764,-17528.415518356458,-30467.681744307934
6000.0,moving_symmetric,total,1974.3819179157026,230701.27616565733,211964.0277927402,-18737.24837291712,-32662.90726741652
6000.0,moving_symmetric,les_label,39.88822936505957,0.0,-4171.1428923876465,-4171.1428923876465,12636.949281640575
6000.0,moving_symmetric,les_label,121.65909956343168,0.0,2423.3703785149787,2423.370378514979,19885.52926146228
6000.0,moving_symmetric,les_label,207.51851327172238,0.0,14980.537098726207,14980.537098726207,15690.526259731801
6000.0,moving_symmetric,les_label,297.6708976654277,0.0,13468.420792266701,13468.4207922667,5148.133754705875
6000.0,moving_symmetric,les_label,392.33090127881815,0.0,10331.399687102978,10331.39968710298,-3938.6657499396774
6000.0,moving_symmetric,les_label,491.72390507287827,0.0,9291.204774656237,9291.204774656237,-8641.819912013272
6000.0,moving_symmetric,les_label,596.0865590566414,0.0,4208.39427090486,4208.39427090486,-8788.202706100144
6000.0,moving_symmetric,les_label,705.6673457395926,0.0,-4953.201983033931,-4953.201983033931,-6916.131763354537
6000.0,moving_symmetric,les_label,820.7271717566915,0.0,-7881.0070716856235,-7881.0070716856235,-5114.092616454107
6000.0,moving_symmetric,les_label,941.5399890746453,0.0,-8621.095066336364,-8621.095066336364,-3540.643874356505
6000.0,moving_symmetric,les_label,1068.3934472584967,0.0,-5117.099125585819,-5117.099125585819,-3590.810101715063
6000.0,moving_symmetric,les_label,1201.5895783515407,0.0,-3301.875143237182,-3301.8751432371814,-3517.704072247324
6000.0,moving_symmetric,les_label,1341.445515999237,0.0,-2466.103596514831,-2466.103596514831,-1882.0804367923497
6000.0,moving_symmetric,les_label,1488.294250529318,0.0,-2788.4020265378244,-2788.402026537824,388.39808628886476
6000.0,moving_symmetric,les_label,1642.4854217859033,0.0,-3505.777300292865,-3505.777300292865,1000.7340843309084
6000.0,moving_symmetric,les_label,1804.3861516053175,0.0,-2877.537088239445,-2877.537088239445,-1093.4420995475066
6000.0,moving_symmetric,les_label,1974.3819179157026,0.0,-1772.8498212488862,-1772.8498212488862,-2446.2688828637165
6000.0,fixed_initial,total,39.88822936505957,22409.34350540238,26143.687224584624,3734.343719182245,0.0
6000.0,fixed_initial,total,121.65909956343168,28628.781454399872,17884.56488419125,-10744.21657020862,0.0
6000.0,fixed_initial,total,207.51851327172238,35878.251138963955,10342.292742547363,-25535.958396416594,0.0
6000.0,fixed_initial,total,297.6708976654277,39106.0947517584,-150.149022917295,-39256.24377467569,0.0
6000.0,fixed_initial,total,392.33090127881815,37697.472654457044,-13672.241990836548,-51369.71464529359,0.0
6000.0,fixed_initial,total,491.72390507287827,32366.56719041533,-29126.302205850596,-61492.86939626593,0.0
6000.0,fixed_initial,total,596.0865590566414,25044.058963000196,-46359.28921863369,-71403.34818163389,0.0
6000.0,fixed_initial,total,705.6673457395926,24218.05344065943,-60455.23739529551,-84673.29083595495,0.0
6000.0,fixed_initial,total,820.7271717566915,28599.762921121277,-54839.98950625009,-83439.75242737136,0.0
6000.0,fixed_initial,total,941.5399890746453,32082.27864132881,-31816.95235285731,-63899.23099418612,0.0
6000.0,fixed_initial,total,1068.3934472584967,43527.605267395666,5405.008001148291,-38122.59726624737,0.0
6000.0,fixed_initial,total,1201.5895783515407,68662.5859957841,44450.80011694457,-24211.78587883953,0.0
6000.0,fixed_initial,total,1341.445515999237,102983.21994679896,83841.40353915539,-19141.816407643564,0.0
6000.0,fixed_initial,total,1488.294250529318,140949.84546644427,121139.70903651342,-19810.136429930848,0.0
6000.0,fixed_initial,total,1642.4854217859033,176324.71290075016,153808.08572603503,-22516.627174715133,0.0
6000.0,fixed_initial,total,1804.3861516053175,205431.3771583041,190102.43099490495,-15328.946163399145,0.0
6000.0,fixed_initial,total,1974.3819179157026,230701.27616565733,228173.06136790974,-2528.2147977475834,0.0
6000.0,fixed_initial,les_label,39.88822936505957,0.0,-31480.60033486608,-31480.60033486608,0.0
6000.0,fixed_initial,les_label,121.65909956343168,0.0,-21372.13671682022,-21372.13671682022,0.0
6000.0,fixed_initial,les_label,207.51851327172238,0.0,-208.68704210184714,-208.68704210184865,0.0
6000.0,fixed_initial,les_label,297.6708976654277,0.0,17170.114285317824,17170.114285317824,0.0
6000.0,fixed_initial,les_label,392.33090127881815,0.0,25896.45479008461,25896.45479008461,0.0
6000.0,fixed_initial,les_label,491.72390507287827,0.0,26673.81391678649,26673.81391678649,0.0
6000.0,fixed_initial,les_label,596.0865590566414,0.0,19764.10843492125,19764.10843492125,0.0
6000.0,fixed_initial,les_label,705.6673457395926,0.0,8176.416038264318,8176.416038264318,0.0
6000.0,fixed_initial,les_label,820.7271717566915,0.0,1686.0413429672844,1686.0413429672844,0.0
6000.0,fixed_initial,les_label,941.5399890746453,0.0,-4795.992822560303,-4795.9928225603035,0.0
6000.0,fixed_initial,les_label,1068.3934472584967,0.0,-2662.2492740827915,-2662.249274082791,0.0
6000.0,fixed_initial,les_label,1201.5895783515407,0.0,-572.8802085112184,-572.8802085112181,0.0
6000.0,fixed_initial,les_label,1341.445515999237,0.0,-807.8261351543646,-807.8261351543644,0.0
6000.0,fixed_initial,les_label,1488.294250529318,0.0,-1735.8843425793957,-1735.8843425793957,0.0
6000.0,fixed_initial,les_label,1642.4854217859033,0.0,-1895.1566919100978,-1895.1566919100978,0.0
6000.0,fixed_initial,les_label,1804.3861516053175,0.0,-890.4721305742304,-890.4721305742305,0.0
6000.0,fixed_initial,les_label,1974.3819179157026,0.0,-747.9479967138803,-747.9479967138803,0.0
