term,radius_m,mask_mode,level_m,signed_sum_m2_s,sum_abs_step_integrals_m2_s,sum_step_spatial_abs_m2_s,sum_abs_block_integrals_m2_s,sum_block_spatial_abs_m2_s,negative_steps,negative_blocks,spatial_retained_at_step_cadence,temporal_retained_signed,block_vs_step_spatial_retained
total_les,1200.0,moving_end,121.65909956343168,1935.5396979209559,1935.5396979209559,2858.444880743138,1935.539697920956,2588.582373782957,0,0,0.6771303203921688,1.0,0.9055911454587774
total_les,1200.0,moving_symmetric,121.65909956343168,1810.8436718870796,1810.9672023440908,2827.4159152368347,1810.8436718870798,2538.4040254445017,5,0,0.6405025849167993,0.9999317875791173,0.897782321930474
total_les,1200.0,fixed_initial,121.65909956343168,3260.9749065428255,3260.9749065428255,6080.924121602235,3260.9749065428255,5769.32824334947,0,0,0.5362630484005457,1.0,0.9487584663084623
total_les,2400.0,moving_end,121.65909956343168,4600.871390948626,4600.871390948626,12824.391545890676,4600.871390948627,11937.546427702282,0,0,0.3587594292083888,1.0,0.9308470023692808
total_les,2400.0,moving_symmetric,121.65909956343168,5260.857831111999,5260.857831111999,14164.92349670691,5260.857831111999,13227.806290955656,0,0,0.37140037024097267,1.0,0.9338424096699769
total_les,2400.0,fixed_initial,121.65909956343168,1654.3430717182905,3558.61042422438,24268.945628385503,3208.7803009575237,22704.072173530338,323,4,0.14663226325177264,0.46488456855427335,0.9355195121033666
total_les,4200.0,moving_end,121.65909956343168,-5667.450852903773,6427.207480065882,52544.98034805809,6371.7019625475505,50347.778855940865,933,8,0.1223182012342957,0.8817905553043822,0.958184369323902
total_les,4200.0,moving_symmetric,121.65909956343168,-5704.026870550672,6479.315296245579,55671.60383042721,6415.8900359737,53150.15096373366,944,8,0.11638456323229404,0.8803440810876814,0.9547084564983297
total_les,4200.0,fixed_initial,121.65909956343168,-1017.0934282758108,5693.5104711910135,72916.69820217213,5383.589753359005,69075.44672189496,458,5,0.07808239554957534,0.17864082861044553,0.9473200024824664
total_les,6000.0,moving_end,121.65909956343168,-9764.568815422706,11262.497784640644,100157.36079814436,11241.599304017729,95602.17862215902,691,6,0.11244802873089789,0.8669985115326057,0.9545197463303192
total_les,6000.0,moving_symmetric,121.65909956343168,-11982.430035154091,13002.30268607803,104629.75754362476,12924.183419193565,99871.01593405553,749,6,0.12426964365904028,0.9215621512937129,0.9545182773879114
total_les,6000.0,fixed_initial,121.65909956343168,-23884.621547396757,23884.621547396757,129218.11550543558,23884.62154739676,123849.31880330881,1015,9,0.18483957496185624,1.0,0.9584516715699902
total_muscl,1200.0,moving_end,121.65909956343168,2474.124450355299,3845.6224278200234,40417.84108733516,3180.4195384968116,38107.052796520205,308,3,0.0951466561390643,0.6433612495228272,0.9428275180304216
total_muscl,1200.0,moving_symmetric,121.65909956343168,-4329.616914395841,4894.712994906018,43318.7855624482,4357.570443095405,41141.94841730992,829,8,0.1129928489765674,0.884549700646743,0.9497484263034067
total_muscl,1200.0,fixed_initial,121.65909956343168,-19448.706668399114,19449.513793325314,33720.22402381315,19448.706668399114,32210.681850925997,1011,9,0.5767907644857314,0.9999585015371193,0.9552333290602958
total_muscl,2400.0,moving_end,121.65909956343168,-18452.00775241452,18452.00775241452,91914.81636410966,18452.007752414516,86977.52851808863,1015,9,0.2007511789972911,1.0,0.946284091713108
total_muscl,2400.0,moving_symmetric,121.65909956343168,-20889.788886338873,20889.788886338873,96044.35977560314,20889.788886338873,90831.35877763212,1015,9,0.2175014642728164,1.0,0.9457229866475177
total_muscl,2400.0,fixed_initial,121.65909956343168,-32921.67179089273,32921.67179089273,103627.33797324233,32921.67179089273,98276.46262104512,1015,9,0.31769292191403636,1.0,0.9483642496579535
total_muscl,4200.0,moving_end,121.65909956343168,-19311.645153246507,19311.645153246507,174054.60306314612,19311.645153246507,166496.02459255586,1015,9,0.11095164858260222,1.0,0.9565735215411221
total_muscl,4200.0,moving_symmetric,121.65909956343168,-20876.808293433627,20876.808293433627,178172.07724424763,20876.808293433627,170548.57067706448,1015,9,0.11717216646026192,1.0,0.9572126750437306
total_muscl,4200.0,fixed_initial,121.65909956343168,-29728.393028043192,29728.393028043192,201404.52118551172,29728.39302804319,193307.5384368355,1015,9,0.14760539064890535,1.0,0.9597974131811163
total_muscl,6000.0,moving_end,121.65909956343168,-9142.973528718661,16730.855045405286,254128.03923502454,16730.855045405282,245481.41889561297,745,6,0.06583632052475774,0.5464737757816838,0.9659753391816204
total_muscl,6000.0,moving_symmetric,121.65909956343168,-5657.703722424586,13632.166177059877,259476.07987268132,13632.166177059873,250741.50362859663,745,6,0.05253727504958782,0.41502602366638797,0.9663376437305106
total_muscl,6000.0,fixed_initial,121.65909956343168,8891.225957776885,8891.225957776885,287131.8856501259,8891.225957776885,278046.31408251124,0,0,0.030965651681788362,1.0,0.968357496949379
total_flux_x,1200.0,moving_end,121.65909956343168,-7535.814434641841,8528.247060836366,20794.493903092844,7535.81443464184,19948.096855444543,878,9,0.4101204434491155,0.8836299395274324,0.9592970595200486
total_flux_x,1200.0,moving_symmetric,121.65909956343168,-12760.985654964046,12761.16584914375,23112.37009805954,12760.985654964044,21963.4685680742,1014,9,0.5521357521968354,0.9999858794892383,0.9502906225060062
total_flux_x,1200.0,fixed_initial,121.65909956343168,-6396.619087663213,17490.409561057844,33706.5286233239,17210.830974211374,32127.11758011605,630,5,0.5189027252410385,0.3657215152871661,0.9531422811035205
total_flux_x,2400.0,moving_end,121.65909956343168,-1568.2296534941652,3719.554081469687,80632.23551753054,3400.0659133279723,77703.63973553714,660,6,0.046129864285618195,0.4216176507035809,0.963679590883268
total_flux_x,2400.0,moving_symmetric,121.65909956343168,-3568.122060857186,4829.735920576041,88256.62680693323,4467.549426387514,84889.88565190048,735,5,0.054723776506226375,0.7387820202872742,0.9618528231041766
total_flux_x,2400.0,fixed_initial,121.65909956343168,-1152.1918342924387,7947.0082429591275,120458.6034700218,7384.454456554002,116353.32734118872,692,6,0.06597294019714314,0.14498435122591638,0.9659196104672195
total_flux_x,4200.0,moving_end,121.65909956343168,-24769.685499687093,27900.684077821865,261663.93357779866,27662.630066265356,255541.6274094482,761,7,0.10662793185261948,0.8877805802394791,0.9766024071998056
total_flux_x,4200.0,moving_symmetric,121.65909956343168,-23615.102039177153,27244.780037280332,266086.12169431115,27221.569578571776,259623.22261463891,719,6,0.10239083445539511,0.8667752871142098,0.9757112507840712
total_flux_x,4200.0,fixed_initial,121.65909956343168,-18092.787817065648,18092.787817065648,280826.2680292989,18092.787817065648,273978.4546019092,1015,9,0.06442697808873779,1.0,0.9756154811462463
total_flux_x,6000.0,moving_end,121.65909956343168,-19454.65496435258,20467.955850048143,410865.95360536914,20467.95585004814,402605.6636396248,861,7,0.04981662673784677,0.950493303135927,0.9798954138368976
total_flux_x,6000.0,moving_symmetric,121.65909956343168,-22831.38712720033,23708.149117106834,413133.3322857203,23683.778497250885,404783.06306204584,889,8,0.05738619294148465,0.9630185390864668,0.9797879556764996
total_flux_x,6000.0,fixed_initial,121.65909956343168,-34303.053633330754,34441.280785729745,425047.5284971222,34303.053633330754,416452.75056388654,964,9,0.08102924608809466,0.9959865850152627,0.979779254419794
total_flux_y,1200.0,moving_end,121.65909956343168,27367.74965175626,27367.74965175626,65947.92296992114,27367.749651756254,64059.66362296759,0,0,0.41499031992620444,1.0,0.971367417472499
total_flux_y,1200.0,moving_symmetric,121.65909956343168,15748.087861674197,16394.54989653457,71103.74907220615,15748.087861674194,68784.72352981358,76,0,0.23057222875668393,0.960568479223878,0.9673853267562925
total_flux_y,1200.0,fixed_initial,121.65909956343168,-15336.734447143275,30123.149985911376,59417.61305188337,28783.39808537558,55839.14078201522,590,5,0.5069734113958413,0.5091344847506413,0.9397742170029041
total_flux_y,2400.0,moving_end,121.65909956343168,1057.6799815455397,13431.635966602462,167424.2388183017,13355.75259885729,161261.098326715,521,5,0.08022515772748555,0.07874543236396842,0.9631884813388623
total_flux_y,2400.0,moving_symmetric,121.65909956343168,-2522.78573015411,11819.212034149507,173888.3251596521,10114.979558775178,166747.39408867538,618,5,0.06797012981347617,0.21344787815507243,0.958933809590607
total_flux_y,2400.0,fixed_initial,121.65909956343168,-33228.44838523783,37919.702537619356,177554.6305535741,37909.044497144845,169308.89882525022,799,7,0.2135663959841235,0.876284521279474,0.9535594667251673
total_flux_y,4200.0,moving_end,121.65909956343168,-22388.265174944318,22388.265174944318,312562.6376771074,22388.265174944325,301333.4838474761,1015,9,0.07162809138458992,1.0,0.9640739087912625
total_flux_y,4200.0,moving_symmetric,121.65909956343168,-24098.465177993112,24098.465177993112,313294.3558044819,24098.465177993123,301952.6903118996,1015,9,0.0769195637633264,1.0,0.9637986919251736
total_flux_y,4200.0,fixed_initial,121.65909956343168,-24441.427461119463,24441.427461119463,331280.7765517356,24441.42746111947,320059.4328418109,1015,9,0.07377858659813448,1.0,0.9661273925196434
total_flux_y,6000.0,moving_end,121.65909956343168,-15743.237161437004,15743.237161437004,464927.9186622433,15743.237161437008,452829.9811744712,1015,9,0.03386167302392957,1.0,0.9739788965081254
total_flux_y,6000.0,moving_symmetric,121.65909956343168,-21076.81202653203,21076.81202653203,465354.4755171323,21076.81202653203,453226.1904035971,1015,9,0.04529195083620953,1.0,0.9739375341774515
total_flux_y,6000.0,fixed_initial,121.65909956343168,-65206.68987106706,65206.68987106706,483541.99965886446,65206.68987106706,471373.08547015983,1015,9,0.13485217399330343,1.0,0.9748338009991072
total_flux_z,1200.0,moving_end,121.65909956343168,-17357.810766759114,17357.810766759114,41849.03995753314,17357.810766759107,40524.25178939485,1015,9,0.41477201829177396,1.0,0.9683436425427528
total_flux_z,1200.0,moving_symmetric,121.65909956343168,-7316.719121105986,9828.710846089329,45981.349271257146,7316.71912110598,44163.91437406424,796,9,0.21375429390092382,0.7444230719247561,0.9604745200826679
total_flux_z,1200.0,fixed_initial,121.65909956343168,2284.64686640738,25744.2188068978,54900.48200407615,25149.89323670063,52143.07139775918,452,5,0.4689251873050293,0.08874407429272009,0.9497743825616642
total_flux_z,2400.0,moving_end,121.65909956343168,-17941.4580804659,18705.416550998987,138465.55124115097,18498.00172502795,133733.09464185723,910,8,0.1350907600000936,0.9591584358225754,0.9658221372978777
total_flux_z,2400.0,moving_symmetric,121.65909956343168,-14798.881095327582,16037.645588556115,146901.2005349315,16032.379471540702,141377.18191430334,869,7,0.10917300559938269,0.9227589557090305,0.9623963684400618
total_flux_z,2400.0,fixed_initial,121.65909956343168,1458.9684286375523,20130.460681555644,174221.67555034618,19874.2294565964,167856.5856865011,481,4,0.11554509861052502,0.07247566023038506,0.9634655685422695
total_flux_z,4200.0,moving_end,121.65909956343168,27846.30552138488,27891.35345089302,392916.20416099054,27846.305521384882,383836.650685306,44,0,0.07098550061189389,0.998384878324838,0.9768918833595258
total_flux_z,4200.0,moving_symmetric,121.65909956343168,26836.758923736605,26898.52289067301,395782.81591906276,26836.758923736605,386072.3811751995,37,0,0.06796283670934752,0.9977038156635053,0.975465244186223
total_flux_z,4200.0,fixed_initial,121.65909956343168,12805.82225014194,15630.660073751398,399276.9028943239,15362.94059647739,388436.6447561046,324,2,0.03914741864717465,0.8192758456596971,0.9728502749354165
total_flux_z,6000.0,moving_end,121.65909956343168,26054.918597070882,30118.208801286648,621673.8998997072,29867.65084456938,608815.9867069012,363,3,0.048446957168614496,0.865088583752624,0.9793172703649288
total_flux_z,6000.0,moving_symmetric,121.65909956343168,38250.49543130775,39665.02900245422,621363.0807526978,39468.528195303756,608296.9537426272,199,2,0.06383550975446654,0.9643380174748152,0.9789718323878485
total_flux_z,6000.0,fixed_initial,121.65909956343168,108400.96946217472,108400.96946217472,635388.1168633073,108400.9694621747,622005.8162932554,0,0,0.17060591248906737,1.0,0.9789383839343492
total_roundoff,1200.0,moving_end,121.65909956343168,-4.113540969441151e-12,2.7679190929834514e-10,8.266504810587692e-10,1.789162283496841e-11,6.12766835970252e-11,513,4,0.33483547840416383,0.014861492808329513,0.07412647182947547
total_roundoff,1200.0,moving_symmetric,121.65909956343168,-7.085252388050119e-12,2.7447676089983365e-10,9.044237770814909e-10,2.0361245648510204e-11,6.540239338059979e-11,524,5,0.30348246900977105,0.025813669488163993,0.07231388099022398
total_roundoff,1200.0,fixed_initial,121.65909956343168,-2.289578845526138e-12,3.2891950475138e-10,1.2280314826552778e-09,1.785878980505376e-11,9.561744503268875e-11,499,6,0.26784289278983525,0.006960909318092155,0.07786237273489317
total_roundoff,2400.0,moving_end,121.65909956343168,4.9932592240641005e-12,5.280595581570909e-10,4.582924453344975e-09,5.564544186759459e-11,3.672623301667361e-10,517,4,0.11522327359589615,0.009455863731527554,0.0801371119915973
total_roundoff,2400.0,moving_symmetric,121.65909956343168,3.916242940289923e-12,4.867773207222837e-10,4.574116170262565e-09,4.31653665041538e-11,3.7144271321655053e-10,524,5,0.10641997330258919,0.00804524527658555,0.08120535189538679
total_roundoff,2400.0,fixed_initial,121.65909956343168,-8.763072868256738e-12,4.374080179276544e-10,4.633408140806506e-09,2.968929830172822e-11,3.879707996925011e-10,521,5,0.09440308400103897,0.020034092904319182,0.08373335305293647
total_roundoff,4200.0,moving_end,121.65909956343168,2.70163824986477e-11,6.720720283596862e-10,1.6158138942243185e-08,5.4553857972380355e-11,1.424508500050205e-09,498,5,0.041593405698638244,0.040198641453039016,0.0881604314173848
total_roundoff,4200.0,moving_symmetric,121.65909956343168,2.8832938844098287e-11,6.039414289309673e-10,1.5719531096724734e-08,4.093382432329445e-11,1.390235602216649e-09,507,4,0.03841981196607082,0.04774128328161768,0.0884400173047346
total_roundoff,4200.0,fixed_initial,121.65909956343168,-2.0574845843170904e-11,5.740033656923666e-10,1.3482951032404566e-08,4.9097907847911533e-11,1.2057424654047491e-09,531,6,0.042572532104642534,0.035844468992535246,0.0894271930905111
total_roundoff,6000.0,moving_end,121.65909956343168,3.7914142548970474e-11,7.656772041552307e-10,3.187473396341125e-08,5.7731039085795906e-11,2.946745312054622e-09,473,2,0.02402144610945288,0.04951713639013327,0.09244768334183329
total_roundoff,6000.0,moving_symmetric,121.65909956343168,2.076849396500076e-11,6.975564399225239e-10,3.134253604524527e-08,5.3405205698213007e-11,2.9133115410898456e-09,493,2,0.022255902933813316,0.029773209415581446,0.09295072794633671
total_roundoff,6000.0,fixed_initial,121.65909956343168,-1.663789853773804e-11,6.924560036291163e-10,2.8570974302954022e-08,5.078186914757916e-11,2.6476567403557727e-09,528,5,0.024236345470288058,0.024027372786920628,0.09266945930093903
total_other,1200.0,moving_end,121.65909956343168,-30.92097485119748,180.12915974602913,1153.0230288997193,117.95619461826796,1107.776151635044,563,5,0.15622338429607838,0.171660018260198,0.9607580454764616
total_other,1200.0,moving_symmetric,121.65909956343168,-288.4610760291631,293.6251313092004,1111.6065964453119,288.46107602916345,1054.6495703432117,958,9,0.26414482627950653,0.9824127612748538,0.9487615256294476
total_other,1200.0,fixed_initial,121.65909956343168,-424.77717587269666,502.1121677443954,772.5164423533938,502.0440142409133,737.1044938168236,705,6,0.6499695543239974,0.8459806456810129,0.954160265600702
total_other,2400.0,moving_end,121.65909956343168,1409.7456186334514,1409.7456186334514,3947.863556357134,1409.7456186334496,3837.5098196066383,0,0,0.35709076529845557,1.0,0.9720472262591761
total_other,2400.0,moving_symmetric,121.65909956343168,1164.4191787322766,1164.4191787322766,3894.4517518027506,1164.419178732275,3773.655724889834,0,0,0.2989943778847085,1.0,0.9689825334575014
total_other,2400.0,fixed_initial,121.65909956343168,-458.237887466339,873.9907481802787,2979.6888644353517,846.8839035203348,2855.02147119439,661,6,0.2933161104878979,0.5243051924982367,0.9581609359524234
total_other,4200.0,moving_end,121.65909956343168,5540.32253160724,5540.32253160724,11189.667873110768,5540.322531607247,10998.239034793085,0,0,0.4951284161812223,1.0,0.982892357441842
total_other,4200.0,moving_symmetric,121.65909956343168,5428.697218519088,5428.697218519088,11091.857819973768,5428.697218519093,10895.961051073677,0,0,0.4894308335564228,1.0,0.982338687343492
total_other,4200.0,fixed_initial,121.65909956343168,2967.433683019912,3154.2126006715866,10366.898657395128,3151.507436218313,10168.093893713181,117,1,0.30425807224627965,0.9407842966539712,0.9808231207565503
total_other,6000.0,moving_end,121.65909956343168,7686.248885463543,7686.248885463543,20522.303653212402,7686.248885463543,20300.930235314314,0,0,0.3745314861014834,1.0,0.9892130327258151
total_other,6000.0,moving_symmetric,121.65909956343168,7402.570706283864,7402.570706283864,20750.874375747066,7402.570706283866,20529.061530755,0,0,0.3567353631582746,1.0,0.9893106747708273
total_other,6000.0,fixed_initial,121.65909956343168,4249.179019411248,4249.179019411248,21834.89699418403,4249.179019411251,21611.04409755263,0,0,0.19460494915744575,1.0,0.9897479298074533
les_injection,1200.0,moving_end,121.65909956343168,1935.5396979209559,1935.5396979209559,2858.444880743138,1935.539697920956,2588.582373782957,0,0,0.6771303203921688,1.0,0.9055911454587774
les_injection,1200.0,moving_symmetric,121.65909956343168,1810.8436718870794,1810.9672023440903,2827.4159152368347,1810.8436718870798,2538.4040254445017,5,0,0.6405025849167992,0.9999317875791174,0.897782321930474
les_injection,1200.0,fixed_initial,121.65909956343168,3260.9749065428255,3260.9749065428255,6080.924121602235,3260.9749065428255,5769.328243349469,0,0,0.5362630484005457,1.0,0.9487584663084622
les_injection,2400.0,moving_end,121.65909956343168,4600.871390948626,4600.871390948626,12824.391545890676,4600.871390948626,11937.546427702284,0,0,0.3587594292083888,1.0,0.9308470023692809
les_injection,2400.0,moving_symmetric,121.65909956343168,5260.857831111999,5260.857831111999,14164.923496706908,5260.857831111999,13227.806290955656,0,0,0.37140037024097267,1.0,0.933842409669977
les_injection,2400.0,fixed_initial,121.65909956343168,1654.3430717182903,3558.6104242243805,24268.945628385503,3208.7803009575246,22704.072173530338,323,4,0.14663226325177267,0.4648845685542732,0.9355195121033666
les_injection,4200.0,moving_end,121.65909956343168,-5667.450852903774,6427.207480065883,52544.98034805809,6371.70196254755,50347.778855940865,933,8,0.12231820123429571,0.8817905553043822,0.958184369323902
les_injection,4200.0,moving_symmetric,121.65909956343168,-5704.026870550673,6479.31529624558,55671.60383042721,6415.890035973699,53150.150963733664,944,8,0.11638456323229406,0.8803440810876815,0.9547084564983298
les_injection,4200.0,fixed_initial,121.65909956343168,-1017.0934282758121,5693.5104711910135,72916.69820217213,5383.589753359004,69075.44672189496,458,5,0.07808239554957534,0.17864082861044575,0.9473200024824664
les_injection,6000.0,moving_end,121.65909956343168,-9764.568815422706,11262.497784640645,100157.36079814436,11241.59930401773,95602.178622159,691,6,0.11244802873089792,0.8669985115326054,0.9545197463303191
les_injection,6000.0,moving_symmetric,121.65909956343168,-11982.430035154093,13002.302686078034,104629.75754362476,12924.183419193567,99871.01593405553,749,6,0.12426964365904031,0.9215621512937128,0.9545182773879114
les_injection,6000.0,fixed_initial,121.65909956343168,-23884.62154739676,23884.62154739676,129218.11550543559,23884.62154739676,123849.31880330882,1015,9,0.18483957496185624,1.0,0.9584516715699903
les_muscl,1200.0,moving_end,121.65909956343168,-1826.3653735299413,1826.3653735299413,2751.9646469012514,1826.365373529941,2604.5049318574934,1015,9,0.6636587339835389,1.0,0.9464165663574932
les_muscl,1200.0,moving_symmetric,121.65909956343168,-1525.1923480825772,1525.232782887912,2838.4873824145025,1525.1923480825765,2587.8004126002365,1013,9,0.5373399904249365,0.9999734894202456,0.9116829014751427
les_muscl,1200.0,fixed_initial,121.65909956343168,-2605.8096891808686,3535.1856687266927,6964.811454312887,3250.541511850193,6096.825777954198,702,6,0.5075780862003904,0.7371068830224785,0.8753755672996435
les_muscl,2400.0,moving_end,121.65909956343168,-2077.7307758530947,3635.9402791656266,14806.99344995308,3629.4733610715266,13620.71604185104,678,6,0.24555560799394752,0.571442492540029,0.9198839783301317
les_muscl,2400.0,moving_symmetric,121.65909956343168,-2857.5921140203927,3979.9352899252,15950.18355201259,3852.513304523817,14514.620314669219,723,6,0.24952285200649071,0.7179996421685789,0.9099970710266697
les_muscl,2400.0,fixed_initial,121.65909956343168,-1927.7030326194138,7713.297122630952,26776.573317590402,7602.847307169758,24625.570100284505,620,5,0.28806139722007806,0.24991945752530376,0.9196684657221306
les_muscl,4200.0,moving_end,121.65909956343168,6254.027430803442,7958.84229801706,57372.57737030304,7940.958188686143,54310.562363854115,327,3,0.13872206309728527,0.785796124187764,0.9466292931780702
les_muscl,4200.0,moving_symmetric,121.65909956343168,5808.344479190684,7574.755399273989,60325.55152181709,7565.369736573275,56904.27732557422,339,4,0.12556462739564897,0.7668029095365102,0.9432864829258039
les_muscl,4200.0,fixed_initial,121.65909956343168,-5225.115217279117,5225.115217279117,79461.04801160294,5225.115217279119,74644.76328165713,1015,9,0.0657569381228919,1.0,0.9393881046063911
les_muscl,6000.0,moving_end,121.65909956343168,-4794.282770220039,7928.932850747431,108590.1936070931,7914.655523159949,102146.13946385263,716,7,0.07301702471805441,0.6046567502167836,0.9406571263096123
les_muscl,6000.0,moving_symmetric,121.65909956343168,-5479.728847793209,7217.666912345674,113545.76934105836,7014.221249232205,106540.58959491111,711,7,0.06356614565414506,0.7592105474443885,0.9383052333274899
les_muscl,6000.0,fixed_initial,121.65909956343168,2512.484830576541,15114.96028686996,157280.3074091035,15110.155324730731,148429.00412477675,532,4,0.09610205203601412,0.16622503684373435,0.9437227493375663
les_flux_x,1200.0,moving_end,121.65909956343168,1216.7737443967806,1216.7737443967806,1458.8251741278214,1216.7737443967806,1406.4079657351913,0,0,0.834077836039706,1.0,0.9640688895953771
les_flux_x,1200.0,moving_symmetric,121.65909956343168,1020.5337652000514,1020.5337652000514,1482.3032758681268,1020.5337652000514,1435.9927366407655,0,0,0.6884783848314475,1.0,0.968757716466464
les_flux_x,1200.0,fixed_initial,121.65909956343168,-1299.8911593815335,1818.4128213858717,2504.4163341088065,1787.0265488249656,2421.5285376243396,577,5,0.7260824794264695,0.7148493147946703,0.9669033477558905
les_flux_x,2400.0,moving_end,121.65909956343168,1547.5090640709348,1737.5057538414994,6033.708552106125,1719.7878756546418,5847.581834610171,169,1,0.28796647017943977,0.8906497493027026,0.9691521862734015
les_flux_x,2400.0,moving_symmetric,121.65909956343168,1686.0928940031295,1721.6429414831168,6568.1957450229365,1686.09289400313,6375.557906031878,92,0,0.26211809274833126,0.9793510915513279,0.9706711178428216
les_flux_x,2400.0,fixed_initial,121.65909956343168,3221.1338031582472,4067.3698734616455,11056.035323517073,4064.4294698006543,10704.530886675639,146,2,0.3678868377717665,0.7919451398249193,0.9682070085201558
les_flux_x,4200.0,moving_end,121.65909956343168,2787.7860359874417,2788.957842902152,22538.720691254304,2787.786035987442,21789.78326055484,30,0,0.12374073405081731,0.9995798405781956,0.9667710762754128
les_flux_x,4200.0,moving_symmetric,121.65909956343168,2649.945423454191,2664.568188937834,24622.44322995891,2664.568188937834,23727.245770026086,69,1,0.10821705076349893,0.9945121443900927,0.9636430287777612
les_flux_x,4200.0,fixed_initial,121.65909956343168,121.87987259679755,2437.077118814835,41868.34703792161,2402.9952791376,40365.033996040765,389,4,0.05820810448063522,0.05001067535198412,0.9640942824774228
les_flux_x,6000.0,moving_end,121.65909956343168,-4370.4769728164665,4374.373548291837,52572.031202508835,4372.387793902546,50688.44336605672,927,8,0.08320723868251612,0.9991092266281437,0.9641712942534695
les_flux_x,6000.0,moving_symmetric,121.65909956343168,-5065.918050181564,5065.918050181564,56016.22963577477,5065.9180501815645,53971.52549929457,1015,9,0.09043661244465862,1.0,0.9634980049572214
les_flux_x,6000.0,fixed_initial,121.65909956343168,318.1658002264186,2163.4547178019566,86961.67899976383,2105.447732524135,84010.72260592677,631,5,0.024878253762876775,0.1470637668578851,0.9660660140445877
les_flux_y,1200.0,moving_end,121.65909956343168,1829.1419696785472,1829.1419696785472,2870.087411477825,1829.141969678547,2772.4509738284637,0,0,0.6373122861567172,1.0,0.9659813714178526
les_flux_y,1200.0,moving_symmetric,121.65909956343168,2279.3920304577896,2279.3920304577896,3129.3037360203825,2279.3920304577896,2990.7371741909874,0,0,0.7284022973610583,1.0,0.955719682869259
les_flux_y,1200.0,fixed_initial,121.65909956343168,568.9937406218436,2365.4364850274364,4836.434816480561,2358.3390625045413,4526.841235928506,306,3,0.48908681183234637,0.24054492446676026,0.9359872318557694
les_flux_y,2400.0,moving_end,121.65909956343168,4141.452120534783,4982.137849577372,12224.599168018889,4395.979518676586,11435.790047780272,322,2,0.40755020112326307,0.8312600424908148,0.9354736209018417
les_flux_y,2400.0,moving_symmetric,121.65909956343168,4661.760724270435,4872.262956416096,12714.790032550665,4693.205880800423,11808.188610263795,232,1,0.38319649352783614,0.9567957981683934,0.9286970984211368
les_flux_y,2400.0,fixed_initial,121.65909956343168,1467.2065740977762,3596.604134273376,18076.7120415978,3544.026823782771,16940.890694875892,182,2,0.19896340252568812,0.40794219194606934,0.9371665962201436
les_flux_y,4200.0,moving_end,121.65909956343168,716.7631287317954,1808.0280486545298,35926.96010051058,1808.0280486545294,33865.87455774307,385,4,0.050325105257898926,0.39643363346336635,0.9426312291103577
les_flux_y,4200.0,moving_symmetric,121.65909956343168,423.9445685971523,1770.3139232776625,37188.50962279041,1736.1304568257754,35097.87107301116,338,4,0.04760378786980893,0.23947423280286728,0.9437826745146564
les_flux_y,4200.0,fixed_initial,121.65909956343168,386.09199200876367,1093.193255130828,55892.14018602438,1014.5540182688951,53732.00317221676,527,5,0.019558980055019916,0.3531781688156849,0.9613516854674362
les_flux_y,6000.0,moving_end,121.65909956343168,-4896.115144092504,10416.05688824864,77861.684020011,10413.26471086264,74972.83214918709,730,6,0.13377641415476757,0.4700545702295736,0.9628976446222065
les_flux_y,6000.0,moving_symmetric,121.65909956343168,-694.4374289941479,13035.835731044168,85010.59510819471,13035.835731044168,82090.70801722459,491,5,0.1533436592750962,0.053271416065820865,0.965652668502627
les_flux_y,6000.0,fixed_initial,121.65909956343168,41005.68304584294,41005.68304584294,138769.27569929385,41005.68304584293,135561.74109464118,0,0,0.29549540299324056,1.0,0.9768858445899564
les_flux_z,1200.0,moving_end,121.65909956343168,-4872.281087605269,4872.281087605269,4884.7442984764275,4872.281087605269,4872.281087605269,1015,9,0.9974485438521222,1.0,0.9974485438521222
les_flux_z,1200.0,moving_symmetric,121.65909956343168,-4825.1181437404175,4825.1181437404175,4947.1775723484625,4825.1181437404175,4900.885640944865,1015,9,0.9753274616035053,1.0,0.9906427592851449
les_flux_z,1200.0,fixed_initial,121.65909956343168,-1874.912270421179,2076.0359252790972,4280.937757858319,1989.1471948185842,3990.3697511008713,891,8,0.4849488693144894,0.9031213032448465,0.9321251503308906
les_flux_z,2400.0,moving_end,121.65909956343168,-7766.691960458813,7766.691960458813,15048.279008057161,7766.691960458813,14652.04722431395,1015,9,0.516118285439841,1.0,0.9736692957692331
les_flux_z,2400.0,moving_symmetric,121.65909956343168,-9205.445732293958,9205.445732293958,15862.789166452783,9205.445732293958,15415.51345870205,1015,9,0.580316969210054,1.0,0.9718034638765388
les_flux_z,2400.0,fixed_initial,121.65909956343168,-6616.043409875437,8441.808992140232,23756.700316337585,8423.474370521733,23118.80253273459,729,6,0.3553443399012262,0.7837234194750582,0.9731487211982756
les_flux_z,4200.0,moving_end,121.65909956343168,2749.4782660842056,5754.591651500857,54327.807952627714,5390.2596267616345,53017.088111723126,549,5,0.1059235015798667,0.47778859606260915,0.975873868460743
les_flux_z,4200.0,moving_symmetric,121.65909956343168,2734.4544871393414,5777.160580847061,57822.550072123726,5509.0547183628505,56324.76266958923,520,5,0.09991189550860423,0.4733215303387688,0.9740968289937704
les_flux_z,4200.0,fixed_initial,121.65909956343168,-5733.087081884683,5733.087081884683,79505.41918814115,5733.087081884681,77484.02458546172,1015,9,0.07210938751631432,1.0,0.9745753858878976
les_flux_z,6000.0,moving_end,121.65909956343168,4472.30934668893,17661.553989749584,114571.52073525314,17281.383551984316,112084.58965112854,444,4,0.1541530903701726,0.2532228675508718,0.9782936364275787
les_flux_z,6000.0,moving_symmetric,121.65909956343168,280.62663138250355,20475.250156947495,121711.36212841254,20475.250156947495,118933.25123960343,524,4,0.16822792711287646,0.013705650931316392,0.9771745970119203
les_flux_z,6000.0,fixed_initial,121.65909956343168,-38811.3640154928,38811.3640154928,169226.01149219475,38811.3640154928,165724.61986628996,1015,9,0.22934632609528177,1.0,0.9793093768798877
les_roundoff,1200.0,moving_end,121.65909956343168,-2.582854495568104e-13,1.1124468725704813e-11,3.368748246818169e-11,1.0522832287637957e-12,2.893187081002993e-12,503,4,0.3302255885761731,0.02321777838792443,0.08588314914109862
les_roundoff,1200.0,moving_symmetric,121.65909956343168,-2.862828636667922e-13,1.0390059237881135e-11,3.483541948655258e-11,8.319644005292358e-13,3.0445662152978807e-12,513,5,0.29826134982792385,0.02755353526985034,0.08739858053017464
les_roundoff,1200.0,fixed_initial,121.65909956343168,2.720500737628715e-13,2.6778786612333057e-11,8.585401848219739e-11,1.927623995939511e-12,8.759424866759506e-12,499,4,0.3119106954543529,0.010159163583520172,0.10202696416098278
les_roundoff,2400.0,moving_end,121.65909956343168,6.675084738096158e-13,2.3061691982463658e-11,1.7448619384905013e-10,2.0099209322657737e-12,1.502718312972341e-11,505,3,0.13216915031348883,0.028944470957169836,0.08612247650220158
les_roundoff,2400.0,moving_symmetric,121.65909956343168,3.9459981436418303e-13,2.3527335246646274e-11,1.892608516126619e-10,2.3580873864607653e-12,1.6126931738305373e-11,502,3,0.12431168435613364,0.016771972270868695,0.08521007699632718
les_roundoff,2400.0,fixed_initial,121.65909956343168,-8.815997199395928e-13,4.149509900747343e-11,3.5852514527100193e-10,2.5673589026243034e-12,3.4279097030792314e-11,493,4,0.11573832283397617,0.02124587580284634,0.09561141661314003
les_roundoff,4200.0,moving_end,121.65909956343168,-1.8004190337284974e-13,4.030134818853564e-11,6.602260165633917e-10,3.0267073726379715e-12,5.955307920195634e-11,494,4,0.061041745065291746,0.0044673915753534405,0.09020104889525866
les_roundoff,4200.0,moving_symmetric,121.65909956343168,-7.593976334235708e-13,3.803112711237823e-11,7.012181755229854e-10,3.3985668815558167e-12,6.299396462247455e-11,515,4,0.05423579770164073,0.019967791939997613,0.08983504253222206
les_roundoff,4200.0,fixed_initial,121.65909956343168,5.3362126338375515e-12,7.780379701476085e-11,1.1589832949123697e-09,8.824607712821244e-12,1.0727497064769503e-10,500,2,0.06713107717453647,0.06858550403170131,0.09255954863077302
les_roundoff,6000.0,moving_end,121.65909956343168,-7.0006062495198e-13,9.245700899434031e-11,1.6354493986854003e-09,8.853242049385446e-12,1.4969025455150446e-10,512,5,0.05653309057966495,0.007571742073062668,0.0915285148362449
les_roundoff,6000.0,moving_symmetric,121.65909956343168,4.297206134331721e-13,9.515359802958747e-11,1.7596586642304663e-09,7.405923336846281e-12,1.621355753557173e-10,503,4,0.05407503168871676,0.00451607319462111,0.09214035576986312
les_roundoff,6000.0,fixed_initial,121.65909956343168,-5.551930099846451e-12,1.577162515172182e-10,2.8885247196083157e-09,1.3361928851804404e-11,2.676914020686236e-10,499,3,0.054600969985330275,0.03520201657367146,0.09267409077424221
