z_m,phase,status,T_ambient_K,S_water,S_ice,gradT_K_m,r_critical_2nd_m,log10_nucleation_rate,diagnostic_class,rain_fav,snow_fav,graupel_fav,hail_fav,confidence
500.0,liquid,ok,281.75,0.817857142857143,0.7528291669877964,78.92502510233308,5.110986538056236e-06,53.05882305190726,subsaturated,0.2749999999999941,0.24999999999999406,0.18333333333332938,0.19999999999999524,0.8166666666666667
500.0,ice,ok,281.75,0.817857142857143,0.7528291669877964,161.45071962617408,4.1959310297210535e-06,49.105418778673155,subsaturated,0.2749999999999173,0.2499999999999173,0.1833333333332782,0.19999999999993384,0.8166666666666667
842.1052631578948,liquid,ok,279.5263157894737,0.8300751879699249,0.7805658285527923,78.44893962969378,5.110986549404026e-06,53.07094828135333,subsaturated,0.27499999999999414,0.24999999999999412,0.18333333333332943,0.1999999999999953,0.8166666666666667
842.1052631578948,ice,ok,279.5263157894737,0.8300751879699249,0.7805658285527923,160.074680399885,4.195931034765617e-06,49.10283786182669,subsaturated,0.27499999999991714,0.24999999999991712,0.1833333333332781,0.1999999999999337,0.8166666666666667
1184.2105263157896,liquid,ok,277.30263157894734,0.8422932330827068,0.8092041826725206,77.97315614301506,5.1109865611984375e-06,53.083138034946884,subsaturated,0.2749999999999942,0.24999999999999417,0.18333333333332946,0.19999999999999535,0.8166666666666667
1184.2105263157896,ice,ok,277.30263157894734,0.8422932330827068,0.8092041826725206,158.70224924736223,4.1959310397369834e-06,49.100236331060344,subsaturated,0.27499999999991703,0.249999999999917,0.18333333333327803,0.19999999999993362,0.8166666666666667
1526.3157894736842,liquid,ok,275.07894736842104,0.8545112781954888,0.8387715258540368,77.49805144837414,5.110986573510902e-06,53.09539161106652,subsaturated,0.39999999999999425,0.24999999999999423,0.26666666666666283,0.19999999999999538,0.8166666666666667
1526.3157894736842,ice,ok,275.07894736842104,0.8545112781954888,0.8387715258540368,157.33337358254042,4.195931044635569e-06,49.0976138544331,subsaturated,0.39999999999991687,0.24999999999991684,0.26666666666661126,0.19999999999993348,0.8166666666666667
1868.421052631579,liquid,ok,272.85526315789474,0.8667293233082707,0.8692957463246506,77.02404847834163,5.1109865864269555e-06,53.10770802256975,subsaturated,0.39999999999999425,0.25184210526315204,0.26789473684210136,0.20147368421052164,0.8166666666666667
1868.421052631579,ice,ok,272.85526315789474,0.8667293233082707,0.8692957463246506,155.96800111610236,4.1959310494617806e-06,49.09497009192107,subsaturated,0.39999999999991664,0.25184210526307443,0.2678947368420496,0.20147368421045955,0.8166666666666667
2210.5263157894738,liquid,ok,270.63157894736844,0.8789473684210526,0.9008053169372985,76.55162572897687,5.110986600049705e-06,53.12008593487615,subsaturated,0.39999999999999425,0.2657401315789414,0.2771600877192943,0.2125921052631531,0.8166666666666667
2210.5263157894738,ice,ok,270.63157894736844,0.8789473684210526,0.9008053169372985,154.60607984897732,4.195931054216016e-06,49.09230469515289,subsaturated,0.39999999999991653,0.26574013157886367,0.27716008771924244,0.21259210526309094,0.8166666666666667
2552.6315789473683,liquid,ok,268.4078947368421,1.08,1.131098237721949,76.0813290614362,5.11098661450434e-06,53.132523588469475,mixed_phase,0.6249999999999944,0.44351095504716737,0.4790073033647783,0.32371052631578495,0.8166666666666667
2552.6315789473683,ice,ok,268.4078947368421,1.08,1.131098237721949,153.24755806589928,4.195931058898668e-06,49.08961730713424,mixed_phase,0.6249999999999165,0.44351095504708943,0.47900730336472636,0.3237105263157226,0.8166666666666667
2894.7368421052633,liquid,ok,266.1842105263158,1.08,1.1559311124323288,75.61378658904898,5.110986629944056e-06,53.145018701111866,mixed_phase,0.6249999999999944,0.48845007475093166,0.5089667165006212,0.3348289473684165,0.8166666666666667
2894.7368421052633,ice,ok,266.1842105263158,1.08,1.1559311124323288,151.89238432902224,4.195931063510113e-06,49.086907561960906,mixed_phase,0.6249999999999163,0.4884500747508535,0.508966716500569,0.334828947368354,0.8166666666666667
3236.842105263158,liquid,ok,263.9605263157895,1.08,1.1813682750965913,75.14972763327539,5.110986646557898e-06,53.15756834336747,mixed_phase,0.6249999999999946,0.5341445543970491,0.539429702931366,0.345947368421048,0.8166666666666667
3236.842105263158,ice,ok,263.9605263157895,1.08,1.1813682750965913,150.54050747158982,4.195931068050726e-06,49.08417508451976,mixed_phase,0.6249999999999162,0.5341445543969707,0.5394297029313139,0.34594736842098534,0.8166666666666667
3578.9473684210525,liquid,ok,261.7368421052632,1.08,1.2074215810311326,74.69000710723118,5.110986664581297e-06,53.17016877861986,mixed_phase,0.6249999999999946,0.5713322368420994,0.5642214912280663,0.3570657894736796,0.8166666666666667
3578.9473684210525,ice,ok,261.7368421052632,1.08,1.2074215810311326,149.1918765916605,4.195931072520869e-06,49.08141949017715,mixed_phase,0.6249999999999161,0.571332236842021,0.564221491228014,0.3570657894736168,0.8166666666666667
3921.0526315789475,liquid,ok,259.5131578947368,1.08,1.2341028577498108,74.2356372299189,5.1109866843103955e-06,53.182815255279515,mixed_phase,0.6249999999999947,0.5852302631578893,0.5734868421052596,0.36818421052631145,0.8166666666666667
3921.0526315789475,ice,ok,259.5131578947368,1.08,1.2341028577498108,147.84644104588392,4.195931076920896e-06,49.07864038445394,mixed_phase,0.6249999999999158,0.5852302631578106,0.5734868421052071,0.3681842105262484,0.8166666666666667
4263.157894736842,liquid,ok,257.2894736842105,1.08,1.2614238801732618,73.78782927714605,5.110986706121802e-06,53.19550173375752,mixed_phase,0.6249999999999947,0.6491282894736787,0.6160855263157858,0.419302631578943,0.8166666666666667
4263.157894736842,ice,ok,257.2894736842105,1.08,1.2614238801732618,146.50415044332777,4.195931081251155e-06,49.07583736268666,mixed_phase,0.6249999999999157,0.6491282894735998,0.6160855263157332,0.4193026315788798,0.8166666666666667
4605.263157894737,liquid,ok,255.06578947368422,0.9644736842105263,1.1514711500177377,73.34804928017435,5.110986730500265e-06,53.20822052313244,deposition_favorable,0.3999999999999946,0.6023652533116403,0.5015768355410936,0.33042105263157445,0.8166666666666667
4605.263157894737,ice,ok,255.06578947368422,0.9644736842105263,1.1514711500177377,145.16495463935453,4.195931085511982e-06,49.07301000967381,deposition_favorable,0.3999999999999154,0.6023652533115611,0.5015768355410407,0.3304210526315111,0.8166666666666667
4947.368421052632,liquid,ok,252.8421052631579,0.9766917293233083,1.1919544372726958,72.91809342754287,5.110986758078108e-06,53.22096179079192,deposition_favorable,0.3999999999999947,0.6668673886961275,0.5445782591307516,0.3415394736842062,0.8166666666666667
4947.368421052632,ice,ok,252.8421052631579,0.9766917293233083,1.1919544372726958,143.8288037295451,4.195931089703706e-06,49.07015789930678,deposition_favorable,0.3999999999999153,0.6668673886960481,0.5445782591306988,0.34153947368414267,0.8166666666666667
5289.473684210527,liquid,ok,250.61842105263156,0.9889097744360902,1.2337032185346244,72.50019180971215,5.110986789692494e-06,53.233712890224346,deposition_favorable,0.27499999999999475,0.6908223684210474,0.4772149122806983,0.35265789473683784,0.8166666666666667
5289.473684210527,ice,ok,250.61842105263156,0.9889097744360902,1.2337032185346244,142.49564804366827,4.195931093826649e-06,49.06728059418447,deposition_favorable,0.27499999999991515,0.6908223684209678,0.4772149122806452,0.35265789473677417,0.8166666666666667
5631.578947368421,liquid,ok,248.39473684210526,0.9499999999999998,1.2115468855210378,72.09715376507373,5.110986826470383e-06,53.24645742332657,deposition_favorable,0.2749999999999948,0.7047203947368368,0.4864802631578912,0.3637763157894694,0.8166666666666667
5631.578947368421,ice,ok,248.39473684210526,0.9499999999999998,1.2115468855210378,141.16543813969523,4.195931097881124e-06,49.064377645210676,deposition_favorable,0.274999999999915,0.704720394736757,0.486480263157838,0.3637763157894055,0.8166666666666667
5973.684210526316,liquid,ok,246.17105263157896,0.9500000000000001,1.2385449336581302,71.71257568170176,5.11098686995758e-06,53.25917390655287,deposition_favorable,0.27499999999999486,0.7186184210526263,0.4957456140350842,0.37489473684210095,0.8166666666666667
5973.684210526316,ice,ok,246.17105263157896,0.9500000000000001,1.2385449336581302,139.83812479785632,4.195931101867433e-06,49.06144859117342,deposition_favorable,0.2749999999999148,0.7186184210525461,0.49574561403503076,0.3748947368420369,0.8166666666666667
6315.789473684211,liquid,ok,243.94736842105263,0.95,1.2661654214578957,71.35114497831769,5.110986922320116e-06,53.271833831171556,deposition_favorable,0.27499999999999486,0.7325164473684158,0.5050109649122773,0.3860131578947326,0.8166666666666667
6315.789473684211,ice,ok,243.94736842105263,0.95,1.2661654214578957,138.51365901473957,4.195931105785873e-06,49.058492958305166,deposition_favorable,0.27499999999991465,0.7325164473683357,0.5050109649122237,0.38601315789466845,0.8166666666666667
6657.894736842105,liquid,ok,241.72368421052633,0.95,1.294417598307958,71.01909653788073,5.110986986668271e-06,53.28439877061447,deposition_favorable,0.2749999999999949,0.7464144736842052,0.5142763157894702,0.3971315789473641,0.8166666666666667
6657.894736842105,ice,ok,241.72368421052633,0.95,1.294417598307958,137.1919919974291,4.195931109636735e-06,49.05551025982291,deposition_favorable,0.2749999999999145,0.7464144736841247,0.5142763157894165,0.39713157894729983,0.8166666666666667
7000.0,liquid,ok,239.5,0.95,1.3233104143071086,70.7249189276868,5.110987067596578e-06,53.29681594050848,deposition_favorable,0.27499999999999497,0.7603124999999948,0.5235416666666632,0.4082499999999959,0.8166666666666667
7000.0,ice,ok,239.5,0.95,1.3233104143071086,135.8730751576817,4.195931113420296e-06,49.052499995447036,deposition_favorable,0.2749999999999143,0.7603124999999142,0.5235416666666095,0.4082499999999313,0.8166666666666667
